PCP,StreamName,StreamType,SourceNode,DestinationNode,Size,Period,Deadline
7,Stream_1,ats,ES_1,ES_38,928,1500,12782
5,Stream_2,ats,ES_1,ES_18,1623,500,24105
1,Stream_3,ats,ES_2,ES_35,1629,1000,13242
5,Stream_4,ats,ES_2,ES_17,1356,1500,2510
7,Stream_5,ats,ES_3,ES_8,1979,1000,3180
5,Stream_6,ats,ES_3,ES_56,1967,1000,17590
3,Stream_7,ats,ES_4,ES_40,1785,500,15431
2,Stream_8,ats,ES_4,ES_6,1582,500,11109
6,Stream_9,ats,ES_5,ES_35,1896,500,23193
3,Stream_10,ats,ES_5,ES_12,1136,500,23941
1,Stream_11,ats,ES_6,ES_60,1488,1500,13113
2,Stream_12,ats,ES_6,ES_29,1251,500,13110
5,Stream_13,ats,ES_7,ES_15,975,1000,24473
6,Stream_14,ats,ES_7,ES_6,1891,500,5061
3,Stream_15,ats,ES_8,ES_24,1708,500,23602
6,Stream_16,ats,ES_8,ES_3,1907,1500,16108
6,Stream_17,ats,ES_9,ES_54,1468,1000,3711
0,Stream_18,ats,ES_9,ES_4,1822,500,5974
2,Stream_19,ats,ES_10,ES_36,918,1000,8033
1,Stream_20,ats,ES_10,ES_52,1815,1500,16943
4,Stream_21,ats,ES_11,ES_29,1934,1000,2830
2,Stream_22,ats,ES_11,ES_23,1985,500,15340
2,Stream_23,ats,ES_12,ES_5,1453,1500,2361
0,Stream_24,ats,ES_12,ES_18,1953,1000,14911
1,Stream_25,ats,ES_13,ES_34,1946,500,10334
0,Stream_26,ats,ES_13,ES_15,1685,1000,23292
2,Stream_27,ats,ES_14,ES_43,902,1000,9826
2,Stream_28,ats,ES_14,ES_28,1355,500,5922
4,Stream_29,ats,ES_15,ES_6,1399,500,10003
1,Stream_30,ats,ES_15,ES_1,1439,500,14832
2,Stream_31,ats,ES_16,ES_9,1764,500,2486
4,Stream_32,ats,ES_16,ES_37,1900,1000,19457
1,Stream_33,ats,ES_17,ES_48,1322,500,19729
6,Stream_34,ats,ES_17,ES_57,965,1000,12317
6,Stream_35,ats,ES_18,ES_56,1324,500,3228
0,Stream_36,ats,ES_18,ES_28,1517,1500,21488
5,Stream_37,ats,ES_19,ES_18,1018,1000,18515
3,Stream_38,ats,ES_19,ES_22,1891,1500,14835
4,Stream_39,ats,ES_20,ES_49,1682,1000,20537
2,Stream_40,ats,ES_20,ES_49,1729,1500,19480
2,Stream_41,ats,ES_21,ES_26,1015,1000,13859
0,Stream_42,ats,ES_21,ES_22,1902,1500,20496
6,Stream_43,ats,ES_22,ES_29,1726,500,13243
2,Stream_44,ats,ES_22,ES_13,1744,500,22698
4,Stream_45,ats,ES_23,ES_3,949,1000,11395
5,Stream_46,ats,ES_23,ES_20,1446,1000,6355
0,Stream_47,ats,ES_24,ES_46,1856,1500,4659
4,Stream_48,ats,ES_24,ES_51,883,1000,14159
2,Stream_49,ats,ES_25,ES_58,1805,1500,10951
1,Stream_50,ats,ES_25,ES_17,1142,500,15775
5,Stream_51,ats,ES_26,ES_54,1030,1000,16761
6,Stream_52,ats,ES_26,ES_15,1001,1500,17631
4,Stream_53,ats,ES_27,ES_48,1439,500,7273
4,Stream_54,ats,ES_27,ES_21,1420,1500,4344
1,Stream_55,ats,ES_28,ES_45,1461,1000,16450
3,Stream_56,ats,ES_28,ES_47,1193,1000,7704
0,Stream_57,ats,ES_29,ES_8,1110,1000,21681
6,Stream_58,ats,ES_29,ES_55,1804,1500,8072
2,Stream_59,ats,ES_30,ES_56,1763,1000,16273
2,Stream_60,ats,ES_30,ES_58,921,500,20897
7,Stream_61,ats,ES_31,ES_44,1129,1000,12729
7,Stream_62,ats,ES_31,ES_6,805,500,17565
6,Stream_63,ats,ES_32,ES_28,1726,1500,20001
7,Stream_64,ats,ES_32,ES_25,1165,1500,2040
6,Stream_65,ats,ES_33,ES_42,1278,1000,5660
6,Stream_66,ats,ES_33,ES_25,1919,1500,13033
0,Stream_67,ats,ES_34,ES_23,1031,1000,19789
5,Stream_68,ats,ES_34,ES_47,1824,1500,19373
2,Stream_69,ats,ES_35,ES_36,1021,500,6060
4,Stream_70,ats,ES_35,ES_50,813,500,7291
4,Stream_71,ats,ES_36,ES_44,1470,500,18027
1,Stream_72,ats,ES_36,ES_6,954,1500,17675
3,Stream_73,ats,ES_37,ES_18,1806,500,22881
7,Stream_74,ats,ES_37,ES_31,1618,1000,19650
3,Stream_75,ats,ES_38,ES_26,1384,1500,22010
6,Stream_76,ats,ES_38,ES_16,1297,1500,6014
2,Stream_77,ats,ES_39,ES_17,1039,500,14333
3,Stream_78,ats,ES_39,ES_22,1653,500,2399
5,Stream_79,ats,ES_40,ES_10,1367,1500,9538
1,Stream_80,ats,ES_40,ES_4,1177,1500,14930
2,Stream_81,ats,ES_41,ES_37,876,500,20748
3,Stream_82,ats,ES_41,ES_59,985,1500,3402
0,Stream_83,ats,ES_42,ES_47,1904,1500,9945
7,Stream_84,ats,ES_42,ES_35,1484,1500,19294
3,Stream_85,ats,ES_43,ES_58,914,1500,19421
4,Stream_86,ats,ES_43,ES_38,1930,1500,5220
4,Stream_87,ats,ES_44,ES_40,1324,1500,18450
2,Stream_88,ats,ES_44,ES_2,1614,1500,15737
2,Stream_89,ats,ES_45,ES_10,1268,1500,13055
3,Stream_90,ats,ES_45,ES_60,1278,500,19080
7,Stream_91,ats,ES_46,ES_56,832,500,6720
4,Stream_92,ats,ES_46,ES_48,890,1500,10497
4,Stream_93,ats,ES_47,ES_38,1749,500,5634
0,Stream_94,ats,ES_47,ES_29,1914,500,2405
0,Stream_95,ats,ES_48,ES_35,832,1000,21150
3,Stream_96,ats,ES_48,ES_51,1657,500,19726
4,Stream_97,ats,ES_49,ES_15,848,500,7422
6,Stream_98,ats,ES_49,ES_3,1955,1000,15447
7,Stream_99,ats,ES_50,ES_31,1560,1500,21511
4,Stream_100,ats,ES_50,ES_16,1005,1500,11514
1,Stream_101,ats,ES_51,ES_41,1310,1000,12096
0,Stream_102,ats,ES_51,ES_36,991,500,5793
3,Stream_103,ats,ES_52,ES_50,1501,500,23455
2,Stream_104,ats,ES_52,ES_49,1136,1000,10375
4,Stream_105,ats,ES_53,ES_25,1562,500,12036
2,Stream_106,ats,ES_53,ES_44,1840,1000,3015
3,Stream_107,ats,ES_54,ES_28,1115,1000,24886
7,Stream_108,ats,ES_54,ES_52,1715,500,9622
5,Stream_109,ats,ES_55,ES_14,1441,1000,9353
1,Stream_110,ats,ES_55,ES_4,1164,1500,8356
6,Stream_111,ats,ES_56,ES_55,1308,1500,4601
6,Stream_112,ats,ES_56,ES_13,916,1000,8799
4,Stream_113,ats,ES_57,ES_5,1930,1000,9679
5,Stream_114,ats,ES_57,ES_27,1654,1500,17161
6,Stream_115,ats,ES_58,ES_22,1491,1500,16240
3,Stream_116,ats,ES_58,ES_29,1921,1500,2821
4,Stream_117,ats,ES_59,ES_43,1901,1000,22334
6,Stream_118,ats,ES_59,ES_21,1997,500,22994
1,Stream_119,ats,ES_60,ES_4,1414,1000,4728
1,Stream_120,ats,ES_60,ES_5,939,1000,5975
